numero_residu,nom_residu,structure
1,MET,
2,ILE,E
3,GLU,E
4,VAL,E
5,VAL,E
6,CYS,E
7,ASN,E
8,ASP,E
9,ARG,H
10,LEU,H
11,GLY,H
12,LYS,E
13,LYS,E
14,VAL,E
15,ARG,E
16,VAL,E
17,LYS,E
18,CYS,E
19,ASN,
20,THR,
21,ASP,
22,ASP,
23,THR,H
24,ILE,H
25,GLY,H
26,ASP,H
27,LEU,H
28,LYS,H
29,LYS,H
30,LEU,H
31,ILE,H
32,ALA,H
33,ALA,H
34,GLN,H
35,THR,H
36,GLY,
37,THR,
38,ARG,
39,TRP,
40,ASN,
41,LYS,
42,ILE,
43,VAL,E
44,LEU,E
45,LYS,E
46,LYS,
47,TRP,
48,TYR,
49,THR,
50,ILE,
51,PHE,
52,LYS,
53,ASP,
54,HIS,
55,VAL,
56,SER,
57,LEU,
58,GLY,
59,ASP,
60,TYR,
61,GLU,
62,ILE,
63,HIS,
64,ASP,
65,GLY,
66,MET,E
67,ASN,E
68,LEU,E
69,GLU,E
70,LEU,E
71,TYR,E
72,TYR,
73,GLN,
